"slice","hemisphere","Animal","sex","genotype","Pdgfra_minus_ASPA_minus","Pdgfra_minus_ASPA_plus","Pdgfra_plus_ASPA_minus","Pdgfra_plus_ASPA_plus","Num.Detections","Pdgfra","ASPA","PropASPApos_Pdgfrapos","PropASPApos_Pdgfraneg","PropASPAneg_Pdgfrapos","PropASPAneg_Pdgfraneg","PropASPA","PropPdgfra"
1,1,"551941","F","KO",485,57,134,210,886,344,267,0.237020316027088,0.064334085778781,0.151241534988713,0.547404063205418,0.301354401805869,0.388261851015801
1,1,"551948","M","WT",538,11,81,26,656,107,37,0.0396341463414634,0.0167682926829268,0.123475609756098,0.820121951219512,0.0564024390243902,0.163109756097561
1,2,"551941","F","KO",420,42,79,144,685,223,186,0.21021897810219,0.0613138686131387,0.115328467153285,0.613138686131387,0.271532846715328,0.325547445255474
1,2,"551948","M","WT",469,21,113,121,724,234,142,0.167127071823204,0.0290055248618785,0.156077348066298,0.647790055248619,0.196132596685083,0.323204419889503
